Start Time (s),End Time (s),Duration (s),Speaker
0.03,9.13,9.1,SPEAKER_01
9.85,42.05,32.2,SPEAKER_01
42.98,55.35,12.37,SPEAKER_01
56.43,86.82,30.39,SPEAKER_01
87.12,114.53,27.41,SPEAKER_00
115.98,148.11,32.13,SPEAKER_00
148.97,150.15,1.18,SPEAKER_00
150.98,179.24,28.26,SPEAKER_00
180.27,209.89,29.62,SPEAKER_00
210.87,212.79,1.92,SPEAKER_00
213.7,219.36,5.66,SPEAKER_00
220.25,237.82,17.57,SPEAKER_00
238.56,251.42,12.86,SPEAKER_00
252.24,261.29,9.05,SPEAKER_00
262.49,267.09,4.6,SPEAKER_00
267.69,275.52,7.83,SPEAKER_00
276.56,284.68,8.12,SPEAKER_00
285.35,286.2,0.85,SPEAKER_00
287.19,299.55,12.36,SPEAKER_00
300.49,316.54,16.05,SPEAKER_00
316.54,335.13,18.59,SPEAKER_01
327.68,328.01,0.33,SPEAKER_00
335.13,337.45,2.32,SPEAKER_00
338.75,356.77,18.02,SPEAKER_00
357.61,359.87,2.26,SPEAKER_00
360.48,363.62,3.14,SPEAKER_00
365.12,377.09,11.97,SPEAKER_00
378.77,381.78,3.01,SPEAKER_00
382.64,410.84,28.2,SPEAKER_00
411.65,414.51,2.86,SPEAKER_00
415.86,429.67,13.81,SPEAKER_00
425.3,425.48,0.18,SPEAKER_01
430.48,450.8,20.32,SPEAKER_00
451.89,476.53,24.64,SPEAKER_00
477.46,478.52,1.06,SPEAKER_00
479.4,481.1,1.7,SPEAKER_00
481.76,488.44,6.68,SPEAKER_00
490.11,493.34,3.23,SPEAKER_00
494.15,513.77,19.62,SPEAKER_00
514.58,517.6,3.02,SPEAKER_00
518.85,561.39,42.54,SPEAKER_00
562.46,563.91,1.45,SPEAKER_00
565.28,570.61,5.33,SPEAKER_00
571.81,583.62,11.81,SPEAKER_00
584.51,585.63,1.12,SPEAKER_00
586.29,591.53,5.24,SPEAKER_00
593.66,594.52,0.86,SPEAKER_00
596.26,598.64,2.38,SPEAKER_00
600.11,608.44,8.33,SPEAKER_00
609.98,624.12,14.14,SPEAKER_00
623.38,623.78,0.4,SPEAKER_01
624.76,626.13,1.37,SPEAKER_00
627.34,641.72,14.38,SPEAKER_00
643.22,662.7,19.48,SPEAKER_00
663.99,669.26,5.27,SPEAKER_00
670.19,673.12,2.93,SPEAKER_00
674.73,697.34,22.61,SPEAKER_00
698.47,706.37,7.9,SPEAKER_00
707.68,714.77,7.09,SPEAKER_00
715.45,722.5,7.05,SPEAKER_00
724.05,733.22,9.17,SPEAKER_00
734.48,736.02,1.54,SPEAKER_01
736.64,751.1,14.46,SPEAKER_00
751.71,754.09,2.38,SPEAKER_00
755.27,783.69,28.42,SPEAKER_00
783.69,792.43,8.74,SPEAKER_01
791.7,799.53,7.83,SPEAKER_00
800.31,801.51,1.2,SPEAKER_00
802.39,831.38,28.99,SPEAKER_00
832.74,850.09,17.35,SPEAKER_00
850.83,884.5,33.67,SPEAKER_00
885.77,890.37,4.6,SPEAKER_00
890.98,915.06,24.08,SPEAKER_00
916.21,918.55,2.34,SPEAKER_00
918.55,924.48,5.93,SPEAKER_01
924.48,936.42,11.94,SPEAKER_00
936.42,940.95,4.53,SPEAKER_01
940.95,946.97,6.02,SPEAKER_00
946.97,959.98,13.01,SPEAKER_01
959.49,972.54,13.05,SPEAKER_00
973.31,974.21,0.9,SPEAKER_00
975.49,989.58,14.09,SPEAKER_00
989.58,1001.63,12.05,SPEAKER_01
1002.86,1008.08,5.22,SPEAKER_01
1008.73,1009.07,0.34,SPEAKER_01
1009.04,1072.98,63.94,SPEAKER_00
1074.26,1092.45,18.19,SPEAKER_00
1093.55,1095.98,2.43,SPEAKER_00
1095.98,1124.99,29.01,SPEAKER_01
1125.51,1126.99,1.48,SPEAKER_00
1128.02,1136.61,8.59,SPEAKER_00
1139.6,1139.87,0.27,SPEAKER_00
1141.25,1178.67,37.42,SPEAKER_00
1179.8,1181.55,1.75,SPEAKER_00
1182.93,1184.34,1.41,SPEAKER_00
1184.96,1201.8,16.84,SPEAKER_00
1202.95,1207.89,4.94,SPEAKER_00
1208.48,1214.25,5.77,SPEAKER_00
1215.03,1216.95,1.92,SPEAKER_00
1218.1,1221.31,3.21,SPEAKER_00
1223.43,1225.38,1.95,SPEAKER_00
1227.05,1243.03,15.98,SPEAKER_00
1243.89,1255.04,11.15,SPEAKER_00
1255.68,1278.46,22.78,SPEAKER_00
1279.19,1280.47,1.28,SPEAKER_00
1281.59,1282.9,1.31,SPEAKER_00
1285.08,1287.22,2.14,SPEAKER_00
1288.64,1299.61,10.97,SPEAKER_00
1300.74,1314.31,13.57,SPEAKER_00
1316.06,1318.53,2.47,SPEAKER_00
1320.01,1333.05,13.04,SPEAKER_00
1334.03,1346.98,12.95,SPEAKER_01
1346.98,1384.69,37.71,SPEAKER_00
1385.55,1406.75,21.2,SPEAKER_00
1407.54,1407.57,0.03,SPEAKER_00
1407.57,1411.57,4.0,SPEAKER_01
1412.28,1425.53,13.25,SPEAKER_01
1426.29,1430.31,4.02,SPEAKER_01
1431.05,1440.97,9.92,SPEAKER_01
1440.62,1484.98,44.36,SPEAKER_00
1485.94,1583.02,97.08,SPEAKER_00
1583.92,1634.05,50.13,SPEAKER_00
1634.98,1671.63,36.65,SPEAKER_00
1672.36,1704.29,31.93,SPEAKER_00
1705.11,1761.11,56.0,SPEAKER_00
1761.97,1767.59,5.62,SPEAKER_00
1768.33,1812.22,43.89,SPEAKER_00
1813.03,1827.54,14.51,SPEAKER_00
1828.45,1830.21,1.76,SPEAKER_00
1831.15,1833.65,2.5,SPEAKER_01
1834.24,1836.23,1.99,SPEAKER_01
1837.92,1850.98,13.06,SPEAKER_00
1850.98,1866.2,15.22,SPEAKER_01
1867.03,1867.05,0.02,SPEAKER_01
1868.19,1872.26,4.07,SPEAKER_01
1872.8,1912.83,40.03,SPEAKER_00
1913.66,1939.49,25.83,SPEAKER_00
1941.3,1941.89,0.59,SPEAKER_00
1943.14,1971.37,28.23,SPEAKER_00
1971.37,1976.03,4.66,SPEAKER_01
1976.13,1979.47,3.34,SPEAKER_00
1978.98,1983.91,4.93,SPEAKER_01
1983.91,2017.98,34.07,SPEAKER_00
2017.98,2036.13,18.15,SPEAKER_01
2036.13,2099.75,63.62,SPEAKER_00
2100.56,2111.92,11.36,SPEAKER_00
2113.05,2119.9,6.85,SPEAKER_00
2120.88,2134.35,13.47,SPEAKER_01
2134.03,2157.85,23.82,SPEAKER_00
2159.04,2160.52,1.48,SPEAKER_00
2161.7,2169.97,8.27,SPEAKER_00
2169.97,2191.54,21.57,SPEAKER_01
2187.39,2187.57,0.18,SPEAKER_00
2191.54,2207.67,16.13,SPEAKER_00
2208.48,2236.98,28.5,SPEAKER_00
2236.98,2238.43,1.45,SPEAKER_01
2239.55,2240.44,0.89,SPEAKER_01
2240.61,2250.06,9.45,SPEAKER_00
2251.21,2261.92,10.71,SPEAKER_00
2263.54,2264.17,0.63,SPEAKER_00
2266.23,2267.17,0.94,SPEAKER_00
2269.48,2271.98,2.5,SPEAKER_00
2273.99,2280.64,6.65,SPEAKER_00
2281.56,2289.61,8.05,SPEAKER_00
2291.2,2331.85,40.65,SPEAKER_00
2332.9,2334.35,1.45,SPEAKER_00
2335.16,2341.88,6.72,SPEAKER_00
2343.82,2350.74,6.92,SPEAKER_00
2351.85,2358.43,6.58,SPEAKER_00
2359.53,2401.43,41.9,SPEAKER_00
2402.09,2434.35,32.26,SPEAKER_00
2435.01,2436.78,1.77,SPEAKER_00
2438.94,2444.59,5.65,SPEAKER_00
2445.27,2476.69,31.42,SPEAKER_00
2477.42,2478.45,1.03,SPEAKER_00
2479.22,2487.98,8.76,SPEAKER_00
2487.98,2496.35,8.37,SPEAKER_01
2497.4,2505.24,7.84,SPEAKER_01
2505.9,2505.97,0.07,SPEAKER_01
2505.97,2512.26,6.29,SPEAKER_00
2513.55,2515.57,2.02,SPEAKER_00
2517.29,2562.08,44.79,SPEAKER_00
2562.08,2562.18,0.1,SPEAKER_01
2563.02,2568.3,5.28,SPEAKER_01
2568.3,2571.11,2.81,SPEAKER_00
2572.17,2573.6,1.43,SPEAKER_00
2574.67,2575.39,0.72,SPEAKER_00
2577.16,2599.27,22.11,SPEAKER_00
2600.33,2632.16,31.83,SPEAKER_00
2632.82,2634.34,1.52,SPEAKER_00
2635.48,2648.41,12.93,SPEAKER_00
2649.42,2654.47,5.05,SPEAKER_00
2655.26,2666.55,11.29,SPEAKER_00
2667.6,2669.86,2.26,SPEAKER_00
2671.17,2673.47,2.3,SPEAKER_00
2674.35,2676.44,2.09,SPEAKER_00
2676.44,2676.78,0.34,SPEAKER_01
2677.44,2678.87,1.43,SPEAKER_01
2680.05,2686.02,5.97,SPEAKER_01
2686.83,2691.93,5.1,SPEAKER_00
2693.45,2735.62,42.17,SPEAKER_00
2737.36,2776.47,39.11,SPEAKER_00
2776.04,2785.08,9.04,SPEAKER_01
2785.08,2801.15,16.07,SPEAKER_00
2801.94,2827.84,25.9,SPEAKER_00
2829.31,2834.39,5.08,SPEAKER_00
2834.98,2835.4,0.42,SPEAKER_00
2837.9,2872.31,34.41,SPEAKER_00
2874.0,2881.49,7.49,SPEAKER_00
2882.91,2885.66,2.75,SPEAKER_00
2886.43,2925.28,38.85,SPEAKER_00
2926.19,2938.93,12.74,SPEAKER_00
2940.09,2956.75,16.66,SPEAKER_00
2958.89,2961.88,2.99,SPEAKER_00
2963.87,2984.88,21.01,SPEAKER_00
2985.89,2989.27,3.38,SPEAKER_00
2989.96,2991.01,1.05,SPEAKER_00
2992.68,2996.59,3.91,SPEAKER_00
2997.35,3005.96,8.61,SPEAKER_00
3007.65,3055.91,48.26,SPEAKER_00
3056.52,3063.57,7.05,SPEAKER_00
3063.57,3066.74,3.17,SPEAKER_01
3067.6,3080.41,12.81,SPEAKER_01
3081.09,3083.65,2.56,SPEAKER_00
3084.71,3091.7,6.99,SPEAKER_00
3093.22,3100.68,7.46,SPEAKER_00
3101.89,3109.87,7.98,SPEAKER_00
3111.33,3115.02,3.69,SPEAKER_00
3116.15,3125.28,9.13,SPEAKER_00
3125.52,3138.93,13.41,SPEAKER_01
3137.03,3137.35,0.32,SPEAKER_00
3139.19,3167.59,28.4,SPEAKER_00
3168.62,3182.55,13.93,SPEAKER_00
3183.8,3188.14,4.34,SPEAKER_00
3188.88,3204.34,15.46,SPEAKER_00
3204.96,3221.23,16.27,SPEAKER_00
3222.89,3242.48,19.59,SPEAKER_00
3242.04,3265.82,23.78,SPEAKER_01
3265.82,3315.43,49.61,SPEAKER_00
3316.96,3323.26,6.3,SPEAKER_00
3323.04,3327.9,4.86,SPEAKER_01
3327.9,3329.67,1.77,SPEAKER_00
3329.69,3342.5,12.81,SPEAKER_01
3338.8,3338.87,0.07,SPEAKER_00
3342.46,3377.01,34.55,SPEAKER_00
3377.66,3379.06,1.4,SPEAKER_00
3378.52,3390.15,11.63,SPEAKER_01
3390.83,3420.48,29.65,SPEAKER_01
3406.54,3406.91,0.37,SPEAKER_00
3420.48,3422.8,2.32,SPEAKER_00
3423.78,3460.18,36.4,SPEAKER_00
3461.36,3462.12,0.76,SPEAKER_00
3463.96,3464.97,1.01,SPEAKER_00
3464.97,3472.59,7.62,SPEAKER_01
3473.61,3519.73,46.12,SPEAKER_00
3521.17,3601.39,80.22,SPEAKER_00
3602.0,3613.96,11.96,SPEAKER_00
3614.55,3622.44,7.89,SPEAKER_00
3623.8,3639.66,15.86,SPEAKER_00
3640.26,3682.61,42.35,SPEAKER_00
3683.29,3705.02,21.73,SPEAKER_00
3705.71,3726.71,21.0,SPEAKER_00
3728.07,3759.78,31.71,SPEAKER_00
3760.95,3844.17,83.22,SPEAKER_00
3846.47,3855.48,9.01,SPEAKER_00
3855.48,3862.53,7.05,SPEAKER_01
3863.01,3908.99,45.98,SPEAKER_00
3910.19,3925.86,15.67,SPEAKER_00
3927.05,3936.53,9.48,SPEAKER_00
3937.44,3988.96,51.52,SPEAKER_00
3990.75,3999.03,8.28,SPEAKER_00
4000.69,4002.16,1.47,SPEAKER_00
4004.64,4019.98,15.34,SPEAKER_00
4019.98,4032.3,12.32,SPEAKER_01
4034.02,4036.58,2.56,SPEAKER_01
4037.98,4070.38,32.4,SPEAKER_00
4071.01,4100.91,29.9,SPEAKER_00
4102.16,4126.04,23.88,SPEAKER_00
4126.93,4130.56,3.63,SPEAKER_00
4131.2,4146.84,15.64,SPEAKER_00
4148.16,4173.3,25.14,SPEAKER_00
4174.2,4186.79,12.59,SPEAKER_00
4187.43,4188.96,1.53,SPEAKER_00
4189.76,4192.74,2.98,SPEAKER_00
4193.37,4201.75,8.38,SPEAKER_00
4203.24,4213.79,10.55,SPEAKER_01
4214.9,4253.07,38.17,SPEAKER_00
4254.18,4257.26,3.08,SPEAKER_00
4258.74,4270.47,11.73,SPEAKER_00
4270.47,4282.87,12.4,SPEAKER_01
4282.87,4294.08,11.21,SPEAKER_00
4294.84,4346.85,52.01,SPEAKER_00
4348.45,4394.4,45.95,SPEAKER_00
4395.12,4396.91,1.79,SPEAKER_00
4397.76,4437.7,39.94,SPEAKER_00
4439.03,4439.93,0.9,SPEAKER_00
4440.96,4444.97,4.01,SPEAKER_00
4445.95,4467.05,21.1,SPEAKER_00
4468.31,4528.13,59.82,SPEAKER_01
4528.74,4534.53,5.79,SPEAKER_01
4534.53,4534.6,0.07,SPEAKER_00
4535.98,4538.04,2.06,SPEAKER_00
4538.75,4612.83,74.08,SPEAKER_00
4613.99,4617.62,3.63,SPEAKER_00
4618.23,4636.0,17.77,SPEAKER_00
4619.6,4620.07,0.47,SPEAKER_01
4620.73,4621.03,0.3,SPEAKER_01
4636.77,4662.29,25.52,SPEAKER_00
4663.18,4684.45,21.27,SPEAKER_00
4685.48,4693.8,8.32,SPEAKER_00
4694.47,4696.14,1.67,SPEAKER_00
4697.12,4709.64,12.52,SPEAKER_00
4710.62,4724.04,13.42,SPEAKER_00
4725.47,4752.91,27.44,SPEAKER_00
4754.04,4772.03,17.99,SPEAKER_00
4772.89,4782.02,9.13,SPEAKER_00
4782.91,4783.35,0.44,SPEAKER_00
4784.58,4804.95,20.37,SPEAKER_00
4805.98,4808.31,2.33,SPEAKER_00
4809.25,4828.19,18.94,SPEAKER_00
4828.95,4832.74,3.79,SPEAKER_00
4833.55,4856.08,22.53,SPEAKER_00
4857.31,4858.07,0.76,SPEAKER_00
4858.7,4859.56,0.86,SPEAKER_00
4860.52,4863.32,2.8,SPEAKER_00
4864.57,4871.22,6.65,SPEAKER_00
4872.97,4880.08,7.11,SPEAKER_01
4880.99,4882.88,1.89,SPEAKER_01
4884.6,4923.16,38.56,SPEAKER_01
4920.0,4920.27,0.27,SPEAKER_00
4923.16,4968.1,44.94,SPEAKER_00
4968.98,5001.33,32.35,SPEAKER_01
5001.97,5063.12,61.15,SPEAKER_01
5064.15,5069.97,5.82,SPEAKER_01
5069.97,5103.08,33.11,SPEAKER_00
5104.62,5108.48,3.86,SPEAKER_00
5110.0,5158.75,48.75,SPEAKER_00
5159.88,5170.46,10.58,SPEAKER_00
5171.1,5200.57,29.47,SPEAKER_00
5201.53,5243.72,42.19,SPEAKER_00
5244.65,5253.74,9.09,SPEAKER_00
5255.26,5257.89,2.63,SPEAKER_00
5258.96,5266.67,7.71,SPEAKER_00
5268.1,5284.54,16.44,SPEAKER_00
5284.54,5290.7,6.16,SPEAKER_01
5291.91,5292.55,0.64,SPEAKER_01
5293.23,5296.17,2.94,SPEAKER_00
5298.39,5305.02,6.63,SPEAKER_01
5305.02,5319.98,14.96,SPEAKER_00
5319.98,5363.92,43.94,SPEAKER_01
5343.36,5343.63,0.27,SPEAKER_00
5365.03,5371.29,6.26,SPEAKER_01
5371.61,5379.66,8.05,SPEAKER_00
5380.86,5417.92,37.06,SPEAKER_00
5418.83,5432.84,14.01,SPEAKER_00
5433.65,5437.88,4.23,SPEAKER_00
5438.54,5464.98,26.44,SPEAKER_00
5465.62,5470.75,5.13,SPEAKER_00
5471.85,5472.9,1.05,SPEAKER_00
5474.2,5479.28,5.08,SPEAKER_00
5479.95,5496.98,17.03,SPEAKER_00
5496.47,5498.18,1.71,SPEAKER_01
5498.18,5553.88,55.7,SPEAKER_00
5555.15,5558.22,3.07,SPEAKER_00
5559.31,5584.07,24.76,SPEAKER_00
5584.74,5595.85,11.11,SPEAKER_00
5597.23,5604.51,7.28,SPEAKER_00
5605.33,5657.41,52.08,SPEAKER_00
5658.1,5661.07,2.97,SPEAKER_00
5662.25,5671.7,9.45,SPEAKER_00
5672.29,5717.5,45.21,SPEAKER_00
5718.68,5723.25,4.57,SPEAKER_00
5723.25,5737.29,14.04,SPEAKER_01
5729.38,5729.58,0.2,SPEAKER_00
5737.95,5771.13,33.18,SPEAKER_00
5771.74,5788.02,16.28,SPEAKER_00
5788.95,5833.67,44.72,SPEAKER_00
5834.33,5845.8,11.47,SPEAKER_00
5846.7,5859.03,12.33,SPEAKER_00
5858.47,5863.81,5.34,SPEAKER_01
5865.81,5873.56,7.75,SPEAKER_01
5874.18,5904.98,30.8,SPEAKER_01
5904.98,5920.37,15.39,SPEAKER_00
5921.37,5936.37,15.0,SPEAKER_00
5937.72,5939.41,1.69,SPEAKER_00
5941.18,5952.57,11.39,SPEAKER_01
5952.54,5972.97,20.43,SPEAKER_00
5972.97,5999.72,26.75,SPEAKER_01
5985.85,5986.4,0.55,SPEAKER_00
6000.24,6026.23,25.99,SPEAKER_00
6027.21,6055.1,27.89,SPEAKER_00
6055.89,6109.51,53.62,SPEAKER_00
6110.25,6113.0,2.75,SPEAKER_00
6113.98,6124.47,10.49,SPEAKER_00
6124.47,6144.66,20.19,SPEAKER_01
6129.32,6130.43,1.11,SPEAKER_00
6131.61,6132.12,0.51,SPEAKER_00
6147.05,6184.53,37.48,SPEAKER_01
6184.53,6209.02,24.49,SPEAKER_00
6210.87,6228.19,17.32,SPEAKER_00
6228.19,6235.09,6.9,SPEAKER_01
6236.02,6244.83,8.81,SPEAKER_01
6245.55,6262.17,16.62,SPEAKER_00
6262.82,6291.47,28.65,SPEAKER_00
6292.36,6303.03,10.67,SPEAKER_00
6303.03,6325.2,22.17,SPEAKER_01
6318.37,6318.67,0.3,SPEAKER_00
6325.91,6380.59,54.68,SPEAKER_00
6381.9,6383.29,1.39,SPEAKER_00
6384.33,6390.9,6.57,SPEAKER_00
6391.71,6422.59,30.88,SPEAKER_00
6423.5,6441.42,17.92,SPEAKER_00
6443.06,6450.62,7.56,SPEAKER_00
6451.48,6469.96,18.48,SPEAKER_00
6470.73,6476.96,6.23,SPEAKER_00
6476.96,6484.27,7.31,SPEAKER_01
6482.76,6483.47,0.71,SPEAKER_00
6484.27,6495.03,10.76,SPEAKER_00
6496.47,6501.23,4.76,SPEAKER_00
6503.03,6541.03,38.0,SPEAKER_00
6543.18,6544.43,1.25,SPEAKER_00
6545.35,6559.38,14.03,SPEAKER_00
6560.15,6563.49,3.34,SPEAKER_00
6564.84,6574.02,9.18,SPEAKER_00
6576.2,6577.57,1.37,SPEAKER_00
6578.67,6584.72,6.05,SPEAKER_00
6585.9,6587.91,2.01,SPEAKER_00
6590.49,6598.85,8.36,SPEAKER_00
6599.76,6602.75,2.99,SPEAKER_00
6604.37,6608.08,3.71,SPEAKER_00
6609.83,6610.98,1.15,SPEAKER_00
6611.98,6634.99,23.01,SPEAKER_00
6635.79,6646.54,10.75,SPEAKER_00
6646.54,6658.32,11.78,SPEAKER_01
6659.38,6661.23,1.85,SPEAKER_01
6661.61,6684.34,22.73,SPEAKER_00
6684.66,6691.02,6.36,SPEAKER_01
6691.96,6704.76,12.8,SPEAKER_01
6705.7,6709.92,4.22,SPEAKER_01
6709.92,6710.59,0.67,SPEAKER_00
6711.25,6715.17,3.92,SPEAKER_00
6715.81,6718.42,2.61,SPEAKER_00
6719.54,6731.87,12.33,SPEAKER_00
6732.7,6754.17,21.47,SPEAKER_00
6756.02,6784.15,28.13,SPEAKER_00
6784.88,6792.37,7.49,SPEAKER_00
6793.69,6795.05,1.36,SPEAKER_00
6798.12,6818.73,20.61,SPEAKER_00
6819.47,6827.37,7.9,SPEAKER_00
6828.55,6829.39,0.84,SPEAKER_00
6830.25,6854.28,24.03,SPEAKER_00
6854.28,6860.95,6.67,SPEAKER_01
6864.26,6870.91,6.65,SPEAKER_01
6871.83,6873.81,1.98,SPEAKER_01
6874.75,6877.62,2.87,SPEAKER_01
6878.8,6914.02,35.22,SPEAKER_00
6915.2,6915.47,0.27,SPEAKER_00
6915.47,6932.38,16.91,SPEAKER_01
6933.66,6986.31,52.65,SPEAKER_01
6986.31,7017.6,31.29,SPEAKER_00
7018.29,7023.56,5.27,SPEAKER_00
7024.2,7089.34,65.14,SPEAKER_00
7089.93,7094.45,4.52,SPEAKER_00
7095.11,7096.74,1.63,SPEAKER_00
7097.57,7098.3,0.73,SPEAKER_00
7098.89,7112.73,13.84,SPEAKER_00
7114.19,7137.53,23.34,SPEAKER_00
7138.14,7161.39,23.25,SPEAKER_00
7162.44,7172.19,9.75,SPEAKER_00
7173.21,7190.0,16.79,SPEAKER_00
7191.73,7193.93,2.2,SPEAKER_00
7194.79,7206.06,11.27,SPEAKER_00
7206.9,7214.46,7.56,SPEAKER_01
7215.12,7251.78,36.66,SPEAKER_01
7253.4,7274.71,21.31,SPEAKER_01
7274.52,7283.64,9.12,SPEAKER_00
7284.45,7296.7,12.25,SPEAKER_00
7298.33,7317.59,19.26,SPEAKER_00
7318.48,7354.61,36.13,SPEAKER_00
7355.52,7366.29,10.77,SPEAKER_00
7367.37,7370.47,3.1,SPEAKER_00
7370.47,7400.6,30.13,SPEAKER_01
7395.13,7395.36,0.23,SPEAKER_00
7400.6,7469.65,69.05,SPEAKER_00
7470.85,7479.32,8.47,SPEAKER_00
7480.53,7493.75,13.22,SPEAKER_00
7495.26,7496.31,1.05,SPEAKER_00
7497.0,7508.34,11.34,SPEAKER_00
7508.95,7516.38,7.43,SPEAKER_00
7516.7,7524.53,7.83,SPEAKER_01
7525.34,7555.81,30.47,SPEAKER_01
7528.42,7528.98,0.56,SPEAKER_00
7557.3,7576.28,18.98,SPEAKER_01
7576.53,7589.09,12.56,SPEAKER_00
7590.03,7591.45,1.42,SPEAKER_00
7592.7,7595.25,2.55,SPEAKER_00
7596.16,7670.19,74.03,SPEAKER_00
7670.97,7686.37,15.4,SPEAKER_00
7687.02,7698.52,11.5,SPEAKER_00
7699.37,7702.3,2.93,SPEAKER_00
7703.27,7713.83,10.56,SPEAKER_00
7714.59,7733.79,19.2,SPEAKER_00
7733.79,7743.58,9.79,SPEAKER_01
7744.76,7749.47,4.71,SPEAKER_01
7750.53,7758.28,7.75,SPEAKER_01
7759.19,7763.43,4.24,SPEAKER_01
7765.25,7766.18,0.93,SPEAKER_01
7766.92,7773.63,6.71,SPEAKER_01
7773.63,7819.96,46.33,SPEAKER_00
7821.29,7832.82,11.53,SPEAKER_00
7832.82,7844.56,11.74,SPEAKER_01
7844.91,7846.53,1.62,SPEAKER_00
7847.24,7864.2,16.96,SPEAKER_00
7864.93,7866.87,1.94,SPEAKER_00
7867.93,7883.44,15.51,SPEAKER_00
7884.28,7887.03,2.75,SPEAKER_00
7887.68,7922.69,35.01,SPEAKER_00
7923.4,7937.68,14.28,SPEAKER_00
7937.68,7965.12,27.44,SPEAKER_01
7965.66,8033.53,67.87,SPEAKER_00
8034.37,8106.87,72.5,SPEAKER_00
8108.25,8127.4,19.15,SPEAKER_00
8128.28,8137.44,9.16,SPEAKER_00
8138.19,8171.16,32.97,SPEAKER_00
8172.37,8199.27,26.9,SPEAKER_00
8200.4,8201.43,1.03,SPEAKER_00
8201.03,8201.2,0.17,SPEAKER_01
8202.41,8216.13,13.72,SPEAKER_01
8217.18,8220.62,3.44,SPEAKER_01
8221.41,8234.93,13.52,SPEAKER_01
8235.98,8256.53,20.55,SPEAKER_01
8256.53,8293.06,36.53,SPEAKER_00
8294.04,8333.09,39.05,SPEAKER_00
8334.41,8362.98,28.57,SPEAKER_00
8363.97,8368.71,4.74,SPEAKER_00
8369.81,8373.86,4.05,SPEAKER_00
8375.62,8418.87,43.25,SPEAKER_00
8420.01,8422.61,2.6,SPEAKER_00
8423.93,8425.45,1.52,SPEAKER_00
8426.53,8427.51,0.98,SPEAKER_00
8428.13,8431.98,3.85,SPEAKER_00
8431.98,8448.08,16.1,SPEAKER_01
8448.45,8493.47,45.02,SPEAKER_00
8493.47,8539.98,46.51,SPEAKER_01
8540.08,8564.75,24.67,SPEAKER_00
8565.95,8605.91,39.96,SPEAKER_00
8606.69,8609.74,3.05,SPEAKER_00
8610.36,8613.77,3.41,SPEAKER_00
8614.74,8642.53,27.79,SPEAKER_00
8644.11,8645.38,1.27,SPEAKER_00
8646.58,8648.16,1.58,SPEAKER_00
8648.81,8698.03,49.22,SPEAKER_00
8698.65,8700.71,2.06,SPEAKER_00
8701.62,8719.97,18.35,SPEAKER_00
8719.36,8751.36,32.0,SPEAKER_01
8751.36,8813.61,62.25,SPEAKER_00
8814.7,8829.06,14.36,SPEAKER_00
8831.01,8861.82,30.81,SPEAKER_00
8862.56,8932.04,69.48,SPEAKER_00
8932.96,8967.9,34.94,SPEAKER_00
8968.69,8970.7,2.01,SPEAKER_00
8971.74,8975.61,3.87,SPEAKER_00
8976.84,8980.53,3.69,SPEAKER_00
8981.33,8985.82,4.49,SPEAKER_00
8986.86,9012.75,25.89,SPEAKER_00
9013.69,9021.07,7.38,SPEAKER_00
9021.9,9044.09,22.19,SPEAKER_01
9044.09,9046.94,2.85,SPEAKER_00
9048.68,9068.15,19.47,SPEAKER_00
9069.01,9079.71,10.7,SPEAKER_00
9080.42,9111.97,31.55,SPEAKER_00
9111.97,9125.12,13.15,SPEAKER_01
9125.12,9166.35,41.23,SPEAKER_00
9167.31,9209.28,41.97,SPEAKER_00
9210.1,9230.94,20.84,SPEAKER_00
9231.69,9252.95,21.26,SPEAKER_00
9253.57,9268.49,14.92,SPEAKER_00
9269.82,9281.58,11.76,SPEAKER_00
9282.38,9298.85,16.47,SPEAKER_00
9288.55,9288.84,0.29,SPEAKER_01
9299.81,9327.25,27.44,SPEAKER_00
9328.67,9331.96,3.29,SPEAKER_00
9333.0,9334.15,1.15,SPEAKER_00
9335.21,9351.14,15.93,SPEAKER_00
9352.19,9384.35,32.16,SPEAKER_00
9385.3,9424.6,39.3,SPEAKER_00
9425.51,9428.9,3.39,SPEAKER_00
9429.78,9432.51,2.73,SPEAKER_00
9434.0,9461.47,27.47,SPEAKER_00
9462.99,9474.04,11.05,SPEAKER_00
9474.8,9485.03,10.23,SPEAKER_00
9485.87,9487.58,1.71,SPEAKER_00
9488.98,9503.96,14.98,SPEAKER_00
9505.04,9519.51,14.47,SPEAKER_00
9520.6,9524.16,3.56,SPEAKER_00
9525.66,9537.71,12.05,SPEAKER_00
9539.33,9542.64,3.31,SPEAKER_00
9543.69,9548.78,5.09,SPEAKER_00
9550.18,9564.93,14.75,SPEAKER_00
9565.86,9575.53,9.67,SPEAKER_00
9576.61,9585.2,8.59,SPEAKER_00
9587.16,9588.22,1.06,SPEAKER_00
9588.88,9621.68,32.8,SPEAKER_00
9622.53,9642.86,20.33,SPEAKER_00
9644.53,9653.78,9.25,SPEAKER_00
9654.44,9661.29,6.85,SPEAKER_00
9662.2,9693.96,31.76,SPEAKER_00
9695.01,9789.93,94.92,SPEAKER_00
9790.26,9799.48,9.22,SPEAKER_01
9799.48,9808.37,8.89,SPEAKER_00
9808.37,9815.86,7.49,SPEAKER_01
9815.86,9818.61,2.75,SPEAKER_00
9819.75,9823.07,3.32,SPEAKER_00
9824.71,9842.76,18.05,SPEAKER_00
9844.6,9847.86,3.26,SPEAKER_00
9848.89,9851.03,2.14,SPEAKER_00
9854.24,9939.25,85.01,SPEAKER_00
9940.0,9982.47,42.47,SPEAKER_00
9982.47,9993.02,10.55,SPEAKER_01
9987.13,9987.6,0.47,SPEAKER_00
9992.36,10014.35,21.99,SPEAKER_00
10014.97,10015.02,0.05,SPEAKER_00
10015.68,10015.97,0.29,SPEAKER_00
10016.86,10040.12,23.26,SPEAKER_00
10040.12,10043.49,3.37,SPEAKER_01
10043.1,10046.98,3.88,SPEAKER_00
10047.32,10053.45,6.13,SPEAKER_01
10053.45,10065.85,12.4,SPEAKER_00
10066.0,10069.71,3.71,SPEAKER_01
10069.71,10079.45,9.74,SPEAKER_00
10080.23,10087.97,7.74,SPEAKER_00
10088.75,10105.12,16.37,SPEAKER_00
10106.23,10107.75,1.52,SPEAKER_00
10108.85,10177.33,68.48,SPEAKER_00
10178.02,10192.83,14.81,SPEAKER_00
10193.73,10197.54,3.81,SPEAKER_00
10198.89,10200.12,1.23,SPEAKER_00
10200.73,10225.93,25.2,SPEAKER_00
10226.64,10227.58,0.94,SPEAKER_00
10228.54,10243.65,15.11,SPEAKER_00
10244.67,10255.15,10.48,SPEAKER_00
10256.2,10258.55,2.35,SPEAKER_00
10260.05,10293.76,33.71,SPEAKER_00
10295.38,10302.44,7.06,SPEAKER_00
10303.69,10312.55,8.86,SPEAKER_00
10314.54,10315.03,0.49,SPEAKER_00
10316.63,10318.98,2.35,SPEAKER_00
10319.94,10320.8,0.86,SPEAKER_00
10322.13,10332.54,10.41,SPEAKER_00
10333.72,10351.44,17.72,SPEAKER_00
10353.54,10355.63,2.09,SPEAKER_00
10356.76,10367.98,11.22,SPEAKER_00
10369.01,10388.23,19.22,SPEAKER_00
10389.18,10399.92,10.74,SPEAKER_00
10401.39,10405.9,4.51,SPEAKER_00
10405.9,10414.76,8.86,SPEAKER_01
10415.52,10416.73,1.21,SPEAKER_01
10415.58,10423.23,7.65,SPEAKER_00
10423.89,10426.98,3.09,SPEAKER_00
10428.7,10450.08,21.38,SPEAKER_00
10451.16,10453.27,2.11,SPEAKER_00
10453.94,10469.18,15.24,SPEAKER_00
10471.41,10483.69,12.28,SPEAKER_00
10484.96,10488.42,3.46,SPEAKER_00
10489.55,10489.7,0.15,SPEAKER_00
10491.42,10509.85,18.43,SPEAKER_00
10510.91,10513.43,2.52,SPEAKER_00
10514.07,10522.1,8.03,SPEAKER_00
10523.04,10568.13,45.09,SPEAKER_00
10568.73,10571.04,2.31,SPEAKER_00
10571.66,10572.78,1.12,SPEAKER_00
10572.99,10590.8,17.81,SPEAKER_01
10590.8,10595.07,4.27,SPEAKER_00
10595.25,10619.03,23.78,SPEAKER_01
10618.81,10626.17,7.36,SPEAKER_00
10619.67,10620.63,0.96,SPEAKER_01
10627.2,10631.43,4.23,SPEAKER_00
10633.73,10644.07,10.34,SPEAKER_00
10644.73,10644.76,0.03,SPEAKER_00
10644.76,10650.11,5.35,SPEAKER_01
10650.86,10683.24,32.38,SPEAKER_00
10683.24,10686.77,3.53,SPEAKER_01
10686.18,10694.53,8.35,SPEAKER_00
10694.53,10707.57,13.04,SPEAKER_01
10707.57,10707.99,0.42,SPEAKER_00
10708.67,10711.0,2.33,SPEAKER_00
10712.26,10764.53,52.27,SPEAKER_00
10765.42,10838.27,72.85,SPEAKER_00
10839.67,10840.82,1.15,SPEAKER_00
10841.98,10850.28,8.3,SPEAKER_00
10851.96,10854.08,2.12,SPEAKER_00
10854.74,10890.09,35.35,SPEAKER_00
10890.87,10911.52,20.65,SPEAKER_00
10912.57,10915.59,3.02,SPEAKER_00
10916.54,10920.64,4.1,SPEAKER_00
10922.04,10925.48,3.44,SPEAKER_00
10926.26,10940.57,14.31,SPEAKER_00
10942.12,10945.66,3.54,SPEAKER_00
10947.52,10951.11,3.59,SPEAKER_00
10953.14,10958.45,5.31,SPEAKER_00
10960.09,10968.81,8.72,SPEAKER_00
10970.23,10984.76,14.53,SPEAKER_00
10985.88,10986.77,0.89,SPEAKER_00
10988.02,11054.57,66.55,SPEAKER_00
11055.3,11056.82,1.52,SPEAKER_00
11057.75,11085.98,28.23,SPEAKER_00
11085.71,11093.94,8.23,SPEAKER_01
11093.94,11107.51,13.57,SPEAKER_00
11108.13,11109.87,1.74,SPEAKER_00
11111.86,11119.47,7.61,SPEAKER_00
11119.47,11125.03,5.56,SPEAKER_01
11125.03,11157.0,31.97,SPEAKER_00
11157.87,11163.47,5.6,SPEAKER_00
11163.47,11172.56,9.09,SPEAKER_01
11174.01,11193.47,19.46,SPEAKER_01
11193.03,11193.79,0.76,SPEAKER_00
11195.67,11241.45,45.78,SPEAKER_00
11243.47,11262.41,18.94,SPEAKER_00
11263.01,11285.44,22.43,SPEAKER_00
11286.18,11289.66,3.48,SPEAKER_00
11290.71,11303.4,12.69,SPEAKER_00
11304.76,11320.68,15.92,SPEAKER_00
11322.08,11324.32,2.24,SPEAKER_00
11325.69,11328.88,3.19,SPEAKER_00
11330.46,11338.09,7.63,SPEAKER_00
11338.85,11349.4,10.55,SPEAKER_00
11350.22,11355.79,5.57,SPEAKER_00
11356.89,11360.33,3.44,SPEAKER_00
11361.5,11371.91,10.41,SPEAKER_00
11372.87,11376.89,4.02,SPEAKER_00
11377.51,11383.92,6.41,SPEAKER_00
11385.71,11393.24,7.53,SPEAKER_00
11393.24,11397.09,3.85,SPEAKER_01
11397.09,11399.06,1.97,SPEAKER_00
11400.61,11425.47,24.86,SPEAKER_00
11425.47,11461.68,36.21,SPEAKER_01
11462.32,11476.97,14.65,SPEAKER_01
11476.97,11491.1,14.13,SPEAKER_00
11491.84,11515.02,23.18,SPEAKER_00
11516.27,11527.95,11.68,SPEAKER_00
11529.28,11560.76,31.48,SPEAKER_00
11561.97,11575.54,13.57,SPEAKER_00
11576.28,11582.41,6.13,SPEAKER_00
11583.23,11583.94,0.71,SPEAKER_00
11585.83,11591.2,5.37,SPEAKER_00
11592.01,11601.12,9.11,SPEAKER_00
11601.88,11606.15,4.27,SPEAKER_00
11608.19,11611.2,3.01,SPEAKER_00
11612.34,11620.7,8.36,SPEAKER_00
11621.59,11622.65,1.06,SPEAKER_01
11621.76,11621.98,0.22,SPEAKER_00
11623.77,11628.48,4.71,SPEAKER_01
11631.87,11681.53,49.66,SPEAKER_00
11682.29,11703.86,21.57,SPEAKER_00
11704.75,11743.71,38.96,SPEAKER_00
11745.18,11754.7,9.52,SPEAKER_00
11755.29,11763.21,7.92,SPEAKER_00
11764.5,11768.49,3.99,SPEAKER_00
11769.09,11795.44,26.35,SPEAKER_00
11796.7,11798.29,1.59,SPEAKER_00
11799.62,11810.07,10.45,SPEAKER_00
11811.23,11818.0,6.77,SPEAKER_00
11819.4,11858.52,39.12,SPEAKER_00
11859.14,11860.61,1.47,SPEAKER_00
11861.94,11863.48,1.54,SPEAKER_01
11863.39,11873.99,10.6,SPEAKER_00
11875.12,11881.26,6.14,SPEAKER_00
11882.48,11914.47,31.99,SPEAKER_00
11914.47,11929.64,15.17,SPEAKER_01
11929.64,11951.13,21.49,SPEAKER_00
11952.24,11954.74,2.5,SPEAKER_01
11956.02,11960.74,4.72,SPEAKER_01
11961.49,11966.06,4.57,SPEAKER_01
11967.02,12010.04,43.02,SPEAKER_01
12010.04,12026.42,16.38,SPEAKER_00
12027.47,12040.97,13.5,SPEAKER_00
12040.97,12046.89,5.92,SPEAKER_01
12047.11,12049.08,1.97,SPEAKER_00
12049.89,12050.28,0.39,SPEAKER_00
12051.6,12056.02,4.42,SPEAKER_00
12056.95,12058.03,1.08,SPEAKER_00
12058.72,12062.65,3.93,SPEAKER_00
12063.5,12107.13,43.63,SPEAKER_00
12107.98,12131.84,23.86,SPEAKER_00
12133.04,12137.39,4.35,SPEAKER_00
12138.57,12158.18,19.61,SPEAKER_00
12159.19,12164.68,5.49,SPEAKER_00
12166.06,12170.82,4.76,SPEAKER_00
12174.18,12177.18,3.0,SPEAKER_00
12177.94,12192.12,14.18,SPEAKER_00
12192.99,12197.57,4.58,SPEAKER_00
12198.7,12202.75,4.05,SPEAKER_00
12205.03,12220.82,15.79,SPEAKER_00
12222.04,12223.35,1.31,SPEAKER_00
12223.94,12234.91,10.97,SPEAKER_00
12235.77,12262.98,27.21,SPEAKER_00
12265.2,12266.59,1.39,SPEAKER_00
12267.53,12271.73,4.2,SPEAKER_00
12272.61,12274.35,1.74,SPEAKER_00
12275.56,12278.48,2.92,SPEAKER_00
12279.41,12280.69,1.28,SPEAKER_01
12281.18,12295.98,14.8,SPEAKER_00
12297.27,12344.18,46.91,SPEAKER_00
12346.0,12349.41,3.41,SPEAKER_00
12350.83,12355.32,4.49,SPEAKER_00
12356.02,12360.88,4.86,SPEAKER_00
12361.98,12369.34,7.36,SPEAKER_00
12370.22,12371.79,1.57,SPEAKER_01
12373.56,12383.21,9.65,SPEAKER_01
12383.87,12383.88,0.01,SPEAKER_01
12383.88,12384.53,0.65,SPEAKER_00
12385.39,12395.82,10.43,SPEAKER_00
12397.42,12423.44,26.02,SPEAKER_00
12424.44,12430.59,6.15,SPEAKER_00
12432.23,12448.04,15.81,SPEAKER_00
12449.28,12469.76,20.48,SPEAKER_00
12470.59,12474.82,4.23,SPEAKER_01
12475.58,12475.6,0.02,SPEAKER_01
12475.6,12489.07,13.47,SPEAKER_00
12490.18,12497.07,6.89,SPEAKER_01
12499.23,12528.25,29.02,SPEAKER_00
12529.33,12538.83,9.5,SPEAKER_00
12540.64,12598.37,57.73,SPEAKER_00
12599.23,12627.07,27.84,SPEAKER_00
12627.8,12631.1,3.3,SPEAKER_00
12633.97,12635.46,1.49,SPEAKER_00
12636.06,12636.1,0.04,SPEAKER_00
12636.1,12638.48,2.38,SPEAKER_01
12638.48,12647.79,9.31,SPEAKER_00
12649.02,12650.49,1.47,SPEAKER_00
12652.01,12655.81,3.8,SPEAKER_00
12657.02,12661.75,4.73,SPEAKER_00
12663.0,12671.96,8.96,SPEAKER_00
12672.84,12680.45,7.61,SPEAKER_00
12681.49,12684.7,3.21,SPEAKER_00
12685.93,12687.84,1.91,SPEAKER_00
12688.55,12705.24,16.69,SPEAKER_00
12706.48,12726.55,20.07,SPEAKER_00
12727.59,12750.9,23.31,SPEAKER_00
12751.78,12752.43,0.65,SPEAKER_00
12753.24,12776.04,22.8,SPEAKER_00
12776.92,12779.49,2.57,SPEAKER_00
12780.77,12783.65,2.88,SPEAKER_00
12784.4,12822.25,37.85,SPEAKER_00
12823.58,12823.61,0.03,SPEAKER_00
12823.61,12825.33,1.72,SPEAKER_01
12828.47,12840.89,12.42,SPEAKER_01
12831.31,12831.6,0.29,SPEAKER_00
12837.96,12838.29,0.33,SPEAKER_00
12840.89,12874.29,33.4,SPEAKER_00
12876.38,12876.87,0.49,SPEAKER_00
12878.83,12879.82,0.99,SPEAKER_00
12881.31,12894.89,13.58,SPEAKER_00
12896.04,12918.37,22.33,SPEAKER_00
12919.85,12944.81,24.96,SPEAKER_00
12945.7,12980.03,34.33,SPEAKER_00
12980.99,12986.98,5.99,SPEAKER_00
12986.98,12987.03,0.05,SPEAKER_01
12987.84,12992.11,4.27,SPEAKER_01
12991.64,12991.99,0.35,SPEAKER_00
12992.8,12997.93,5.13,SPEAKER_01
12998.54,13009.85,11.31,SPEAKER_01
13006.0,13006.27,0.27,SPEAKER_00
13009.53,13013.63,4.1,SPEAKER_00
13014.27,13047.49,33.22,SPEAKER_00
13048.95,13050.87,1.92,SPEAKER_00
13052.76,13089.82,37.06,SPEAKER_00
13091.18,13095.2,4.02,SPEAKER_00
13096.84,13138.3,41.46,SPEAKER_00
13138.03,13147.68,9.65,SPEAKER_01
13145.12,13145.47,0.35,SPEAKER_00
13147.77,13151.09,3.32,SPEAKER_00
13152.05,13153.74,1.69,SPEAKER_00
13154.57,13158.85,4.28,SPEAKER_00
13162.06,13162.31,0.25,SPEAKER_00
13163.61,13206.14,42.53,SPEAKER_00
13207.67,13213.36,5.69,SPEAKER_00
13214.29,13220.31,6.02,SPEAKER_00
13221.98,13227.26,5.28,SPEAKER_00
13228.29,13233.19,4.9,SPEAKER_01
13233.19,13237.98,4.79,SPEAKER_00
13237.98,13245.93,7.95,SPEAKER_01
13248.48,13296.15,47.67,SPEAKER_01
13298.83,13377.52,78.69,SPEAKER_01
13378.38,13405.53,27.15,SPEAKER_01
13405.53,13410.48,4.95,SPEAKER_00
13410.48,13413.21,2.73,SPEAKER_01
13413.21,13436.36,23.15,SPEAKER_00
13421.97,13422.25,0.28,SPEAKER_01
13423.94,13425.53,1.59,SPEAKER_01
13428.3,13428.48,0.18,SPEAKER_01
13436.36,13438.03,1.67,SPEAKER_01
13437.54,13504.35,66.81,SPEAKER_00
13505.94,13509.48,3.54,SPEAKER_00
13509.48,13515.57,6.09,SPEAKER_01
13516.48,13519.74,3.26,SPEAKER_01
13519.54,13532.03,12.49,SPEAKER_00
13532.03,13535.03,3.0,SPEAKER_01
13535.03,13536.84,1.81,SPEAKER_00
13537.83,13559.72,21.89,SPEAKER_00
13539.81,13541.73,1.92,SPEAKER_01
13560.48,13561.56,1.08,SPEAKER_00
13561.56,13564.26,2.7,SPEAKER_01
13565.74,13568.81,3.07,SPEAKER_00
13569.74,13592.84,23.1,SPEAKER_00
13593.64,13614.81,21.17,SPEAKER_00
13619.34,13621.68,2.34,SPEAKER_00
13623.07,13635.42,12.35,SPEAKER_00
13635.42,13640.38,4.96,SPEAKER_01
13640.38,13648.48,8.1,SPEAKER_00
13649.59,13651.57,1.98,SPEAKER_00
13652.8,13665.12,12.32,SPEAKER_00
13665.12,13668.24,3.12,SPEAKER_01
13669.32,13673.83,4.51,SPEAKER_01
13674.97,13679.97,5.0,SPEAKER_01
13679.97,13725.41,45.44,SPEAKER_00
13725.41,13727.03,1.62,SPEAKER_01
13728.96,13730.26,1.3,SPEAKER_01
13731.91,13741.97,10.06,SPEAKER_01
13740.77,13740.89,0.12,SPEAKER_00
13741.97,13755.52,13.55,SPEAKER_00
13756.63,13781.47,24.84,SPEAKER_00
13782.32,13812.96,30.64,SPEAKER_00
13814.09,13818.56,4.47,SPEAKER_01
13819.9,13841.92,22.02,SPEAKER_01
13822.61,13822.63,0.02,SPEAKER_00
13823.58,13823.91,0.33,SPEAKER_00
13841.92,13909.44,67.52,SPEAKER_00
13910.6,13914.87,4.27,SPEAKER_00
13915.75,13917.96,2.21,SPEAKER_00
13918.85,13927.83,8.98,SPEAKER_00
13928.45,13932.15,3.7,SPEAKER_00
13933.2,13935.03,1.83,SPEAKER_00
13935.76,13947.62,11.86,SPEAKER_00
13948.74,13964.23,15.49,SPEAKER_00
13965.11,13967.43,2.32,SPEAKER_00
13968.62,13974.4,5.78,SPEAKER_00
13975.16,14019.19,44.03,SPEAKER_00
14019.85,14021.32,1.47,SPEAKER_00
14022.01,14035.39,13.38,SPEAKER_00
14036.5,14038.82,2.32,SPEAKER_00
14038.82,14059.05,20.23,SPEAKER_01
14047.37,14047.93,0.56,SPEAKER_00
14060.96,14066.69,5.73,SPEAKER_01
14067.28,14070.86,3.58,SPEAKER_01
14070.86,14077.32,6.46,SPEAKER_00
14078.32,14085.71,7.39,SPEAKER_00
14088.34,14094.32,5.98,SPEAKER_00
14096.11,14105.1,8.99,SPEAKER_00
14105.78,14122.97,17.19,SPEAKER_00
14122.87,14126.33,3.46,SPEAKER_01
14127.12,14132.1,4.98,SPEAKER_01
14131.7,14152.82,21.12,SPEAKER_00
14154.24,14188.19,33.95,SPEAKER_00
14158.75,14159.17,0.42,SPEAKER_01
14189.1,14190.81,1.71,SPEAKER_00
14191.72,14199.18,7.46,SPEAKER_00
14200.5,14249.5,49.0,SPEAKER_00
14250.58,14256.42,5.84,SPEAKER_00
14257.48,14269.29,11.81,SPEAKER_00
14270.34,14275.07,4.73,SPEAKER_00
14275.83,14276.79,0.96,SPEAKER_00
14277.92,14278.53,0.61,SPEAKER_00
14280.43,14281.26,0.83,SPEAKER_00
14282.63,14289.61,6.98,SPEAKER_00
14290.76,14294.79,4.03,SPEAKER_00
14296.4,14304.12,7.72,SPEAKER_00
14305.41,14306.96,1.55,SPEAKER_00
14307.89,14309.61,1.72,SPEAKER_00
14311.09,14338.41,27.32,SPEAKER_00
14319.82,14321.37,1.55,SPEAKER_01
14339.78,14344.47,4.69,SPEAKER_00
14344.47,14350.53,6.06,SPEAKER_01
14351.36,14356.98,5.62,SPEAKER_01
14356.98,14364.91,7.93,SPEAKER_00
14366.26,14406.66,40.4,SPEAKER_00
14407.69,14446.65,38.96,SPEAKER_00
14443.46,14444.64,1.18,SPEAKER_01
14446.65,14447.21,0.56,SPEAKER_01
14448.14,14458.45,10.31,SPEAKER_01
14458.45,14495.66,37.21,SPEAKER_00
14497.11,14545.74,48.63,SPEAKER_00
14546.33,14559.44,13.11,SPEAKER_00
14561.0,14563.53,2.53,SPEAKER_00
14564.81,14567.12,2.31,SPEAKER_00
14568.44,14584.92,16.48,SPEAKER_00
14586.09,14590.58,4.49,SPEAKER_00
14591.93,14599.98,8.05,SPEAKER_00
14600.7,14612.94,12.24,SPEAKER_00
14613.56,14638.65,25.09,SPEAKER_00
14613.97,14614.44,0.47,SPEAKER_01
14639.26,14644.86,5.6,SPEAKER_01
14644.98,14653.94,8.96,SPEAKER_00
14656.07,14684.64,28.57,SPEAKER_00
14685.25,14740.88,55.63,SPEAKER_00
14741.98,14744.97,2.99,SPEAKER_00
14745.79,14765.89,20.1,SPEAKER_00
14767.9,14769.05,1.15,SPEAKER_00
14770.25,14778.89,8.64,SPEAKER_00
14780.05,14821.73,41.68,SPEAKER_00
14822.93,14856.29,33.36,SPEAKER_00
14856.29,14859.24,2.95,SPEAKER_01
14858.67,14871.48,12.81,SPEAKER_00
14871.48,14877.0,5.52,SPEAKER_01
14878.48,14881.37,2.89,SPEAKER_01
14882.01,14910.61,28.6,SPEAKER_00
14911.62,14931.17,19.55,SPEAKER_00
14933.28,14937.98,4.7,SPEAKER_00
14938.59,14942.35,3.76,SPEAKER_00
14943.23,14945.02,1.79,SPEAKER_00
14945.63,14952.77,7.14,SPEAKER_00
14953.66,14969.08,15.42,SPEAKER_00
14969.67,15000.1,30.43,SPEAKER_00
14979.53,14980.24,0.71,SPEAKER_01
15000.1,15008.08,7.98,SPEAKER_01
15008.98,15017.46,8.48,SPEAKER_01
15017.46,15017.95,0.49,SPEAKER_00
15019.14,15038.93,19.79,SPEAKER_00
15039.66,15060.83,21.17,SPEAKER_00
15062.13,15111.93,49.8,SPEAKER_00
15080.31,15081.0,0.69,SPEAKER_01
15112.77,15135.49,22.72,SPEAKER_00
15136.26,15160.29,24.03,SPEAKER_00
15161.59,15201.42,39.83,SPEAKER_00
15178.13,15178.98,0.85,SPEAKER_01
15202.08,15219.32,17.24,SPEAKER_00
15220.74,15226.93,6.19,SPEAKER_00
15226.93,15227.49,0.56,SPEAKER_01
15228.17,15231.96,3.79,SPEAKER_01
15233.11,15236.2,3.09,SPEAKER_01
15238.0,15240.97,2.97,SPEAKER_01
15243.44,15247.94,4.5,SPEAKER_00
15248.58,15274.93,26.35,SPEAKER_00
15277.73,15282.13,4.4,SPEAKER_00
15283.36,15297.32,13.96,SPEAKER_00
15298.43,15301.88,3.45,SPEAKER_00
15303.02,15321.54,18.52,SPEAKER_00
15322.28,15380.23,57.95,SPEAKER_00
15381.96,15397.42,15.46,SPEAKER_00
15398.54,15410.64,12.1,SPEAKER_00
15411.97,15426.41,14.44,SPEAKER_00
15427.68,15450.81,23.13,SPEAKER_00
15452.13,15458.88,6.75,SPEAKER_00
15459.89,15461.19,1.3,SPEAKER_00
15462.19,15476.77,14.58,SPEAKER_00
15477.88,15481.04,3.16,SPEAKER_00
15481.7,15489.07,7.37,SPEAKER_00
15490.44,15493.47,3.03,SPEAKER_00
15496.5,15514.42,17.92,SPEAKER_00
15516.61,15518.06,1.45,SPEAKER_00
15519.16,15549.87,30.71,SPEAKER_00
15550.92,15553.3,2.38,SPEAKER_00
15554.55,15557.25,2.7,SPEAKER_00
15557.8,15560.16,2.36,SPEAKER_01
15560.81,15564.03,3.22,SPEAKER_00
15565.01,15588.03,23.02,SPEAKER_00
15581.49,15581.76,0.27,SPEAKER_01
15589.07,15597.21,8.14,SPEAKER_00
15597.17,15597.19,0.02,SPEAKER_01
15598.61,15612.29,13.68,SPEAKER_01
15613.41,15614.3,0.89,SPEAKER_01
15613.52,15620.53,7.01,SPEAKER_00
15621.44,15623.43,1.99,SPEAKER_00
15624.59,15632.17,7.58,SPEAKER_00
15633.18,15648.29,15.11,SPEAKER_00
15649.53,15651.21,1.68,SPEAKER_00
15652.47,15663.15,10.68,SPEAKER_00
15664.6,15698.86,34.26,SPEAKER_00
15700.45,15701.88,1.43,SPEAKER_00
15702.66,15724.41,21.75,SPEAKER_00
15726.97,15733.79,6.82,SPEAKER_00
15733.79,15750.48,16.69,SPEAKER_01
15734.58,15734.75,0.17,SPEAKER_00
15750.48,15763.98,13.5,SPEAKER_00
15763.98,15776.13,12.15,SPEAKER_01
15773.36,15773.55,0.19,SPEAKER_00
15776.74,15777.24,0.5,SPEAKER_00
15778.38,15816.88,38.5,SPEAKER_01
15817.47,15843.04,25.57,SPEAKER_01
15843.87,15852.64,8.77,SPEAKER_01
15853.44,15859.93,6.49,SPEAKER_01
15861.18,15898.46,37.28,SPEAKER_01
15888.06,15888.62,0.56,SPEAKER_00
15899.22,15913.78,14.56,SPEAKER_01
15914.78,15920.87,6.09,SPEAKER_01
15922.25,15928.12,5.87,SPEAKER_01
15928.75,15976.52,47.77,SPEAKER_01
15978.12,15983.29,5.17,SPEAKER_01
15984.23,15991.64,7.41,SPEAKER_01
15992.99,15996.16,3.17,SPEAKER_01
15997.48,16002.07,4.59,SPEAKER_01
16002.71,16011.64,8.93,SPEAKER_01
16012.85,16020.19,7.34,SPEAKER_01
16021.54,16022.61,1.07,SPEAKER_01
16024.5,16035.65,11.15,SPEAKER_01
16036.24,16062.53,26.29,SPEAKER_01
16061.89,16062.28,0.39,SPEAKER_00
16063.48,16070.5,7.02,SPEAKER_01
16071.85,16074.26,2.41,SPEAKER_01
16075.59,16078.08,2.49,SPEAKER_01
16079.71,16086.95,7.24,SPEAKER_01
16087.74,16098.75,11.01,SPEAKER_01
16099.52,16102.54,3.02,SPEAKER_01
16104.01,16105.16,1.15,SPEAKER_01
16107.03,16110.36,3.33,SPEAKER_01
16110.96,16114.2,3.24,SPEAKER_01
16114.96,16119.71,4.75,SPEAKER_01
16121.38,16126.12,4.74,SPEAKER_01
16126.78,16133.98,7.2,SPEAKER_01
16135.6,16136.65,1.05,SPEAKER_01
16138.77,16148.63,9.86,SPEAKER_01
16149.84,16157.74,7.9,SPEAKER_01
16158.96,16172.07,13.11,SPEAKER_01
16173.15,16180.93,7.78,SPEAKER_01
16182.6,16184.08,1.48,SPEAKER_01
16184.79,16189.77,4.98,SPEAKER_01
16190.83,16193.03,2.2,SPEAKER_01
